{
  "series":[
    {
      "id": 1,
      "name": "How I met your mother",
      "status": "watched",
      "genre": "Comédia",
      "comments": "Muito bom"
    },
    {
      "id": 2,
      "name": "Friends",
      "status": "watching",
      "genre": "Comédia",
      "current":{
        "episode": "01",
        "season": "09"
      },
      "comments": "Bom para descontrair"
    },
    {
      "id": 3,
      "name": "Breaking Bad",
      "status": "watched",
      "genre": "Drama",
      "comments": "Say My Name - melhor cena"
    },
    {
      "id": 4,
      "name": "Better Call Saul",
      "status": "toWatch",
      "genre": "Drama",
      "comments": "Galera fala bem"
    }
  ],
  "genres":[
    "Comédia", "Drama", "Ação"
  ]
}